sequence_id,material,quality_score,snr,drift_slope,saturation_ratio,force_anomaly_ratio,spc_out_of_control_ratio,iso_label,iso_score,mahal_label,mahal_score,reason
material_0701320_position_1_sensor_3,Metal,15.0,-1.6300760407047323,1.2589709009906047,0.0609168535397376,0.0,0.0625,-1,-0.21265,-1,-1712.572821,iso_anomaly;low_quality(<30)
material_0700070_position_4_sensor_1,Plastic_Rubber,39.1803,11.185057816676611,0.759019891876021,0.0,0.125,0.0625,-1,-0.025191,-1,-72.058772,iso_anomaly
material_0710300_position_3_sensor_2,Paper_Cardboard,50.3983,9.787714587541126,0.0100491999208519,0.0,0.125,0.0625,-1,-0.056191,-1,-135.227904,iso_anomaly
material_0700770_position_4_sensor_3,Paper_Cardboard,50.7085,5.299758256373154,0.1677464240579023,0.0,0.0625,0.0625,-1,-0.06618,-1,-76.857302,iso_anomaly
material_0700790_position_2_sensor_2,Paper_Cardboard,50.9233,15.581460455869284,0.1545263432521431,0.0,0.125,0.0625,-1,-0.128074,-1,-234.093102,iso_anomaly
material_0700060_position_4_sensor_3,Plastic_Rubber,51.2789,11.67098607981892,-0.327065969030844,0.0,0.0625,0.0625,-1,-0.029467,-1,-74.244815,iso_anomaly
material_0710200_position_2_sensor_2,Paper_Cardboard,51.683,14.107393520913137,0.0615384146497136,0.0,0.125,0.0625,-1,-0.033143,-1,-78.641754,iso_anomaly
material_700870_position_4_sensor_3,Paper_Cardboard,52.4788,10.732168724421868,0.2227653329886611,0.0,0.0625,0.0625,-1,-0.00586,-1,-55.006142,iso_anomaly
material_0700790_position_3_sensor_2,Paper_Cardboard,52.7888,9.158441607008536,0.1550273485370706,0.0,0.0625,0.0625,-1,-0.010094,-1,-92.12089,iso_anomaly
material_0710380_position_1_sensor_1,Textiles_Leather,53.078,8.028020268486571,0.1021852229498559,0.0,0.0625,0.0625,-1,-0.144968,-1,-282.176406,iso_anomaly
material_0700700_position_1_sensor_1,Paper_Cardboard,53.6841,10.728321811555784,0.1467724705116405,0.0,0.0625,0.0625,-1,-0.042834,-1,-123.541213,iso_anomaly
material_701880_position_5_sensor_2,Paper_Cardboard,53.7686,9.107679690412162,0.0917989318448717,0.0,0.0625,0.0625,-1,-0.005262,-1,-90.73813,iso_anomaly
material_0700090_position_3_sensor_3,Plastic_Rubber,53.8183,17.45235605415094,0.0296184480953816,0.0,0.125,0.0625,-1,-0.091045,-1,-232.187741,iso_anomaly
material_0700290_position_5_sensor_3,Plastic_Rubber,54.2684,9.68702068135643,-0.0780888384650742,0.0,0.0625,0.0625,-1,-0.055431,-1,-115.253459,iso_anomaly
material_0710520_position_3_sensor_2,Small_Items,54.3732,8.83069602918637,-0.0452489947150733,0.0,0.0625,0.0625,-1,-0.07137,-1,-208.284061,iso_anomaly
material_0700810_position_4_sensor_3,Paper_Cardboard,54.4015,10.961909056446313,-0.1087745417177301,0.0,0.0625,0.0625,-1,-0.094175,-1,-131.982264,iso_anomaly
material_0710240_position_5_sensor_1,Paper_Cardboard,54.6757,11.779446463966575,0.1165621250127644,0.0,0.0625,0.0625,-1,-0.041187,-1,-81.613479,iso_anomaly
material_0710150_position_2_sensor_3,Paper_Cardboard,55.0259,11.560794613171634,0.0878202135671967,0.0,0.0625,0.0625,-1,-0.162999,-1,-347.590959,iso_anomaly
material_0700600_position_2_sensor_1,Wood_Bamboo_Cork,55.165,10.03366445379751,-0.0322664962469379,0.0,0.0625,0.0625,-1,-0.030793,-1,-90.718384,iso_anomaly
material_0700100_position_1_sensor_2,Plastic_Rubber,55.2907,9.709984584926802,-0.0144409466911777,0.0,0.0625,0.0625,-1,-0.038448,-1,-109.003767,iso_anomaly
material_0700520_position_1_sensor_2,Plastic_Rubber,55.3531,12.016772128340454,-0.0811961837469366,0.0,0.0625,0.0625,-1,-0.022669,-1,-74.693103,iso_anomaly
material_700860_position_3_sensor_3,Paper_Cardboard,55.9737,6.718526291709253,0.1945247459660971,0.0,0.0,0.0625,-1,-0.044787,-1,-105.333698,iso_anomaly
material_0700170_position_3_sensor_2,Plastic_Rubber,56.2227,11.249538059650426,-0.0029449263429355,0.0,0.0625,0.0625,-1,-0.060353,-1,-77.65747,iso_anomaly
material_0710200_position_2_sensor_3,Paper_Cardboard,56.3505,12.336847116420898,-0.0282168734681347,0.0,0.0625,0.0625,-1,-0.030521,-1,-84.625159,iso_anomaly
material_0700770_position_3_sensor_3,Paper_Cardboard,56.4537,7.267387195701146,0.1811228298611093,0.0,0.0,0.0625,-1,-0.030783,-1,-104.000229,iso_anomaly
material_0701240_position_4_sensor_3,Paper_Cardboard,56.6153,15.73102218568254,-0.1155510349647682,0.0,0.0625,0.0625,-1,-0.059599,-1,-93.85819,iso_anomaly
material_0701210_position_3_sensor_1,Paper_Cardboard,56.6211,15.410214659163636,0.1053565953073946,0.0,0.0625,0.0625,-1,-0.017065,-1,-72.445849,iso_anomaly
material_0700220_position_4_sensor_3,Plastic_Rubber,56.8026,13.480606017969448,-0.0348036279616036,0.0,0.0625,0.0625,-1,-0.045372,-1,-107.824709,iso_anomaly
material_0700720_position_3_sensor_1,Paper_Cardboard,57.2573,16.32487195777671,-0.0933336349188125,0.0,0.0625,0.0625,-1,-0.053184,-1,-104.168525,iso_anomaly
material_0700030_position_1_sensor_2,Plastic_Rubber,57.2586,15.723430134917209,0.3895694635927272,0.0,0.0,0.0625,-1,-0.002939,-1,-100.636859,iso_anomaly
material_0701990_position_4_sensor_2,Textiles_Leather,57.3274,9.320141196542409,0.1890307361877043,0.0,0.0,0.0625,-1,-0.065126,-1,-154.208652,iso_anomaly
material_0700690_position_3_sensor_2,Paper_Cardboard,57.4421,9.150709239276413,0.1766165492238564,0.0,0.0,0.0625,-1,-0.059325,-1,-115.946875,iso_anomaly
material_0700080_position_4_sensor_1,Plastic_Rubber,57.8069,7.391924084104701,0.0997607421874996,0.0,0.0,0.0625,-1,-0.05876,-1,-109.425955,iso_anomaly
material_0700220_position_5_sensor_3,Plastic_Rubber,57.8216,13.446815237413986,0.284367343877652,0.0,0.0,0.0625,-1,-0.027102,-1,-84.678971,iso_anomaly
material_0700080_position_3_sensor_1,Plastic_Rubber,57.9878,16.741377504043953,0.0601159636054936,0.0,0.0625,0.0625,-1,-0.038157,-1,-77.037739,iso_anomaly
material_0700810_position_5_sensor_3,Paper_Cardboard,58.3107,10.159295410864056,-0.1528435648999211,0.0,0.0,0.0625,-1,-0.129644,-1,-118.744827,iso_anomaly
material_0701290_position_2_sensor_1,Metal,58.485,19.07367432476405,0.1002786314721215,0.0,0.0625,0.0625,-1,-0.066477,-1,-136.845859,iso_anomaly
material_701880_position_4_sensor_1,Paper_Cardboard,58.6018,20.11932106457433,0.1249718201082476,0.0,0.0625,0.0625,-1,-0.04181,-1,-88.333875,iso_anomaly
material_0701420_position_4_sensor_3,Metal,58.8847,19.06732187555404,0.0749240467345763,0.0,0.0625,0.0625,-1,-0.009525,-1,-89.904554,iso_anomaly
material_0700810_position_3_sensor_2,Paper_Cardboard,59.1116,7.897838784252997,0.0331312455320648,0.0,0.0,0.0625,-1,-0.085093,-1,-168.758455,iso_anomaly
material_0700840_position_1_sensor_1,Paper_Cardboard,59.2854,11.14338555815224,0.1771842660675375,0.0,0.0,0.0588235294117647,-1,-0.02999,-1,-59.386544,iso_anomaly
material_710320_position_3_sensor_3,Textiles_Leather,59.3274,17.348617450546634,0.3091370538449748,0.0,0.0,0.0625,-1,-0.003923,-1,-81.119293,iso_anomaly
material_0710510_position_3_sensor_2,Small_Items,59.6669,10.656948790299188,-0.0827245359732459,0.0,0.0,0.0625,-1,-0.089582,-1,-152.502681,iso_anomaly
material_0700830_position_3_sensor_1,Paper_Cardboard,59.7962,14.841896094250114,0.2028198816636004,0.0,0.0,0.0625,-1,-0.018103,-1,-77.257454,iso_anomaly
material_0710050_position_5_sensor_1,Plastic_Rubber,59.8228,13.472536664881096,0.1591850777420315,0.0,0.0,0.0625,-1,-0.029332,-1,-80.005716,iso_anomaly
material_0700210_position_5_sensor_2,Plastic_Rubber,60.0432,10.136455688237705,0.0430877789266714,0.0,0.0,0.0625,-1,-0.115577,-1,-259.327752,iso_anomaly
material_0700220_position_1_sensor_2,Plastic_Rubber,60.3394,18.405663420772708,0.2778248969183991,0.0,0.0,0.0625,-1,-0.021035,-1,-102.870085,iso_anomaly
material_0700700_position_4_sensor_2,Paper_Cardboard,60.4238,12.70492923648337,0.0978274468315962,0.0,0.0,0.0625,-1,-0.057202,-1,-114.110166,iso_anomaly
material_0700750_position_4_sensor_2,Paper_Cardboard,60.6172,21.519791181603217,0.0410143644046148,0.0,0.0625,0.0625,-1,-0.127038,-1,-431.869934,iso_anomaly
material_0701340_position_3_sensor_1,Metal,60.7756,12.329969780601807,0.0641931343826577,0.0,0.0,0.0625,-1,-0.023688,-1,-71.186005,iso_anomaly
material_0700090_position_2_sensor_2,Plastic_Rubber,60.8957,21.003923376723424,0.0076773067299818,0.0,0.0625,0.0625,-1,-0.02894,-1,-243.89276,iso_anomaly
material_0701240_position_3_sensor_1,Paper_Cardboard,60.9793,12.579660206123986,-0.0590219519122754,0.0,0.0,0.0625,-1,-0.105811,-1,-242.592045,iso_anomaly
material_0700050_position_4_sensor_3,Plastic_Rubber,61.5971,17.446231557401507,0.16925191801981,0.0,0.0,0.0625,-1,-0.035706,-1,-155.982597,iso_anomaly
material_0700970_position_4_sensor_1,Paper_Cardboard,61.6828,13.54633948525644,-0.0443585516237746,0.0,0.0,0.0625,-1,-0.055093,-1,-124.561641,iso_anomaly
material_0700970_position_3_sensor_1,Paper_Cardboard,62.1743,13.700821995167123,-0.0181543335758756,0.0,0.0,0.0625,-1,-0.024884,-1,-162.381857,iso_anomaly
material_0700120_position_1_sensor_1,Plastic_Rubber,62.5493,16.001472430693116,0.1205897192861517,0.0,0.0,0.0588235294117647,-1,-0.064808,-1,-118.888299,iso_anomaly
material_0701250_position_3_sensor_1,Paper_Cardboard,63.0788,16.202026853171468,0.0378615196078416,0.0,0.0,0.0625,-1,-0.029024,-1,-79.82413,iso_anomaly
material_0700520_position_2_sensor_3,Plastic_Rubber,63.209,19.434661888408343,0.1287151979932585,0.0,0.0,0.0625,-1,-0.080143,-1,-191.038476,iso_anomaly
material_0700330_position_2_sensor_1,Plastic_Rubber,63.5465,18.77769625667877,-0.0873388017641949,0.0,0.0,0.0625,-1,-0.045671,-1,-88.645137,iso_anomaly
material_710320_position_2_sensor_2,Textiles_Leather,64.4097,21.68751018329661,0.1221647901348037,0.0,0.0,0.0625,-1,-0.031697,-1,-181.018765,iso_anomaly
material_0700810_position_2_sensor_1,Paper_Cardboard,65.0465,5.264886977180364,0.2083461116217309,0.0,0.0625,0.0,-1,-0.100236,-1,-167.290129,iso_anomaly
material_0700050_position_4_sensor_2,Plastic_Rubber,65.362,19.91444842394693,0.0078911164726292,0.0,0.0,0.0625,-1,-0.039649,-1,-248.217609,iso_anomaly
material_0710020_position_4_sensor_2,Plastic_Rubber,65.3842,22.29827922296367,-0.07953826465482,0.0,0.0,0.0625,-1,-0.009124,-1,-88.040434,iso_anomaly
material_700870_position_2_sensor_1,Paper_Cardboard,66.1136,21.725620409210645,0.0160740942861514,0.0,0.0,0.0625,-1,-0.040553,-1,-100.188037,iso_anomaly
material_0710080_position_1_sensor_1,Paper_Cardboard,69.7873,9.801804998129304,0.0674566477524159,0.0,0.0588235294117647,0.0,-1,-0.043635,-1,-92.722128,iso_anomaly
material_0701500_position_6_sensor_3,Metal,72.3808,16.08685586125886,-0.078265481387868,0.0,0.0625,0.0,-1,-0.00044,-1,-91.208557,iso_anomaly
material_0700810_position_4_sensor_1,Paper_Cardboard,72.5983,10.595138662149846,0.2110439485038785,0.0,0.0,0.0,-1,-0.030787,-1,-103.662586,iso_anomaly
material_0700330_position_3_sensor_3,Plastic_Rubber,72.7047,10.083767692773426,-0.1886791290083738,0.0,0.0,0.0,-1,-0.114948,-1,-158.159904,iso_anomaly
material_0710590_position_4_sensor_1,Paper_Cardboard,72.7364,18.32666152818791,0.1245180408752039,0.0,0.0625,0.0,-1,-0.055473,-1,-141.494904,iso_anomaly
material_0700680_position_6_sensor_2,Wood_Bamboo_Cork,74.0441,9.663192276204752,0.0914740349264715,0.0,0.0,0.0,-1,-0.101961,-1,-239.329351,iso_anomaly
material_0701400_position_1_sensor_2,Metal,74.4119,8.22908769192525,0.0243779600056159,0.0,0.0,0.0,-1,-0.03272,-1,-91.199504,iso_anomaly
material_0710150_position_4_sensor_1,Paper_Cardboard,74.84,10.429885440468777,0.0648648609834549,0.0,0.0,0.0,-1,-0.114999,-1,-299.460693,iso_anomaly
material_0710180_position_4_sensor_1,Paper_Cardboard,74.8459,8.515113564873632,-0.005822067759396,0.0,0.0,0.0,-1,-0.026392,-1,-85.104524,iso_anomaly
material_0710080_position_1_sensor_2,Paper_Cardboard,75.8733,10.66507136957429,0.0070290511386823,0.0,0.0,0.0,-1,-0.192148,-1,-697.490131,iso_anomaly
material_0701490_position_8_sensor_1,Metal,76.3399,13.140583919093562,-0.0535098501965901,0.0,0.0,0.0,-1,-0.008265,-1,-94.043453,iso_anomaly
material_0701340_position_2_sensor_1,Metal,76.4799,16.42899460402586,0.1454598237081295,0.0,0.0,0.0,-1,-0.046822,-1,-116.822369,iso_anomaly
material_0701430_position_2_sensor_1,Metal,76.6042,12.806093274481968,-0.0266247047972837,0.0,0.0,0.0,-1,-0.020443,-1,-102.342705,iso_anomaly
material_0700340_position_6_sensor_1,Plastic_Rubber,77.2289,15.916720064272084,0.0826171252680714,0.0,0.0,0.0,-1,-0.038125,-1,-78.822779,iso_anomaly
material_0701320_position_2_sensor_2,Metal,77.3282,14.011963401497756,-0.0179981793173026,0.0,0.0,0.0,-1,-0.012029,-1,-72.274133,iso_anomaly
material_0700080_position_1_sensor_3,Plastic_Rubber,77.6614,16.48465630639976,0.0727941016901552,0.0,0.0,0.0,-1,-0.093379,-1,-114.043651,iso_anomaly
material_701440_position_8_sensor_1,Metal,77.8649,14.639997518030476,0.0034573370906515,0.0,0.0,0.0,-1,-0.062978,-1,-123.529234,iso_anomaly
material_0701420_position_6_sensor_1,Metal,78.2085,17.5454877892495,0.0708601712494866,0.0,0.0,0.0,-1,-0.014333,-1,-80.246682,iso_anomaly
material_0701300_position_5_sensor_2,Metal,78.6348,16.697449165535428,-0.018041306040648,0.0,0.0,0.0,-1,-0.012996,-1,-98.579247,iso_anomaly
material_0700000_position_2_sensor_3,Plastic_Rubber,78.6559,16.584438584222244,-0.013248562282988,0.0,0.0,0.0,-1,-0.010412,-1,-61.324217,iso_anomaly
material_0701720_position_2_sensor_2,Crafts,79.2348,21.06847556541889,0.1142095620149102,0.0,0.0,0.0,-1,-0.038935,-1,-130.81859,iso_anomaly
material_0700170_position_5_sensor_1,Plastic_Rubber,79.7055,18.98861139771142,-0.0208471823299653,0.0,0.0,0.0,-1,-0.070136,-1,-108.555123,iso_anomaly
material_0701610_position_2_sensor_1,Textiles_Leather,79.8361,18.984709235290296,0.0125038535922165,0.0,0.0,0.0,-1,-0.052655,-1,-91.511001,iso_anomaly
material_0700520_position_1_sensor_3,Plastic_Rubber,80.3888,20.71851962860705,-0.0308401182087445,0.0,0.0,0.0,-1,-0.015639,-1,-66.780036,iso_anomaly
material_0701500_position_1_sensor_1,Metal,80.9364,23.5851974705373,-0.0842084312023449,0.0,0.0,0.0,-1,-0.170092,-1,-1465.885175,iso_anomaly
material_0701500_position_2_sensor_1,Metal,81.5468,24.157421571058684,0.0633179046032462,0.0,0.0,0.0,-1,-0.144398,-1,-811.962808,iso_anomaly
material_0701490_position_8_sensor_3,Metal,100.0,60.0,0.0,0.0,,,-1,-0.08261,-1,-329.337319,iso_anomaly
material_701450_position_6_sensor_1,Metal,100.0,60.0,0.0,0.0,0.0,0.0,-1,-0.024816,-1,-268.531855,iso_anomaly
